Changes made at Sat Aug  9 05:58:18 UTC 2025
Changes made at Thu Nov 20 13:38:01 UTC 2025
Changes made at Thu Nov 20 14:23:31 UTC 2025
Changes made at Thu Nov 20 16:30:20 UTC 2025
Changes made at Fri Nov 21 08:32:18 UTC 2025
Changes made at Fri Nov 21 10:24:45 UTC 2025
Changes made at Fri Nov 21 14:22:27 UTC 2025
Changes made at Fri Nov 21 16:28:25 UTC 2025
Changes made at Sat Nov 22 08:28:00 UTC 2025
Changes made at Sat Nov 22 10:21:51 UTC 2025
Changes made at Sat Nov 22 14:19:06 UTC 2025
Changes made at Sat Nov 22 16:26:15 UTC 2025
Changes made at Sun Nov 23 08:28:17 UTC 2025
